question,gold_query,db_id,final_query,schema_linking,classification,sql_generation,self_correction
Please list the product descriptions of the transactions taken place in the gas stations in the Czech Republic.,SELECT T3.Description FROM transactions_1k AS T1 INNER JOIN gasstations AS T2 ON T1.GasStationID = T2.GasStationID INNER JOIN products AS T3 ON T1.ProductID = T3.ProductID WHERE T2.Country = 'CZE',debit_card_specializing,SELECT T1.product_description FROM transactions AS T1 INNER JOIN stations AS T2 ON T1.station_id = T2.station_id WHERE T2.station_type = 'Gas Station' AND T2.country = 'CZE',"""product descriptions"" so we need column = [transactions.product_description]
""gas stations"" so we need column = [stations.station_type]
""Czech Republic"" so we need column = [stations.country]
Hint also refers to the columns = [stations.country]
Based on the columns and tables, we need these Foreign_keys = [transactions.station_id = stations.station_id].
Based on the tables, columns, and Foreign_keys, The set of possible cell values are = ['CZE']. So the Schema_links are:
Schema_links: [transactions.product_description, stations.station_type, stations.country, transactions.station_id = stations.station_id, 'CZE']","The SQL query for the given question needs these tables = [transactions, stations], so we need JOIN.
Plus, it doesn't require nested queries, and we need the answer to the sub-questions = [""""].
So, we need JOIN and don't need nested queries, then the SQL query can be classified as ""NON-NESTED"".
Label: ""NON-NESTED""","For creating the SQL for the given question, we need to join these tables = [transactions,stations].
First of all, for joining these tables we have to use the common column = [transactions.station_id = stations.station_id].
Now, we have to filter the rows where station_type = 'Gas Station' and country = 'CZE'.
Then, we have to find the product_description.
So the sqlite SQL query will be:
SQL: SELECT T1.product_description FROM transactions AS T1 INNER JOIN stations AS T2 ON T1.station_id = T2.station_id WHERE T2.station_type = 'Gas Station' AND T2.country = 'CZE'","1) All of the columns mentioned in the SELECT clause are required and there are no redundant columns.
2) The JOIN is correctly done on station_id from both tables, which seems to be the Foreign key in transactions and Primary key in stations.
3) The WHERE condition correctly checks for 'Gas Station' in station_type and 'CZE' in country.
4) GROUP BY is not required as there is no need to group any columns.
5) There is no ORDER BY statement in the query.
6) All the columns exist in the table and there are no typos.
7) CAST is not required as there is no need to cast any columns.
8) CASE is not required as there is no need to use CASE.
So, the final sqlite SQL query answer to the question the given question is as is.
Revised_SQL: SELECT T1.product_description FROM transactions AS T1 INNER JOIN stations AS T2 ON T1.station_id = T2.station_id WHERE T2.station_type = 'Gas Station' AND T2.country = 'CZE'"
Please list the disparate time of the transactions taken place in the gas stations from chain no. 11.,SELECT DISTINCT T1.Time FROM transactions_1k AS T1 INNER JOIN gasstations AS T2 ON T1.GasStationID = T2.GasStationID WHERE T2.ChainID = 11,debit_card_specializing,SELECT DISTINCT T1.Time FROM transactions_1k AS T1 INNER JOIN gasstations AS T2 ON T1.GasStationID = T2.GasStationID WHERE T2.ChainID = 11,"""disparate time of the transactions"" so we need column = [transactions_1k.Time]
""gas stations"" so we need column = [gasstations.GasStationID]
""chain no. 11"" so we need column = [gasstations.ChainID]
Hint also refers to the columns = [transactions_1k.Time, gasstations.GasStationID, gasstations.ChainID]
Based on the columns and tables, we need these Foreign_keys = [gasstations.GasStationID = transactions_1k.GasStationID].
Based on the tables, columns, and Foreign_keys, The set of possible cell values are = [11]. So the Schema_links are:
Schema_links: [transactions_1k.Time, gasstations.GasStationID, gasstations.ChainID, gasstations.GasStationID=transactions_1k.GasStationID, 11]","The SQL query for the given question needs these tables = [gasstations, transactions_1k], so we need JOIN.
Plus, it doesn't require nested queries, and we need the answer to the sub-questions = [""""].
So, we need JOIN and don't need nested queries, then the SQL query can be classified as ""NON-NESTED"".
Label: ""NON-NESTED""","For creating the SQL for the given question, we need to join these tables = [transactions_1k, gasstations].
First of all, for joining these tables we have to use the common column = [gasstations.GasStationID = transactions_1k.GasStationID].
Now, we have to filter the rows where ChainID = 11.
Then, we have to find the disparate Time.
So the sqlite SQL query will be:
SQL: SELECT DISTINCT T1.Time FROM transactions_1k AS T1 INNER JOIN gasstations AS T2 ON T1.GasStationID = T2.GasStationID WHERE T2.ChainID = 11","1) All of the columns mentioned in the SQL query exist in the tables and there are no typos.
2) The JOIN is correct as it's correctly joining the ""gasstations"" and ""transactions_1k"" tables on the ""GasStationID"" column.
3) The WHERE statement is correct as it's correctly filtering rows where ""ChainID"" is 11.
4) There is no need for GROUP BY statement as the question asks for distinct times, and the DISTINCT keyword is used correctly in the SELECT clause.
5) There is no need for ORDER BY statement as the question does not ask for a specific order.
6) There is no need for CAST or CASE WHEN in this query.
So, the final SQLite SQL query answer to the given question is =
Revised_SQL: SELECT DISTINCT T1.Time FROM transactions_1k AS T1 INNER JOIN gasstations AS T2 ON T1.GasStationID = T2.GasStationID WHERE T2.ChainID = 11"
How many transactions taken place in the gas station in the Czech Republic are with a price of over 1000?,SELECT COUNT(T1.TransactionID) FROM transactions_1k AS T1 INNER JOIN gasstations AS T2 ON T1.GasStationID = T2.GasStationID WHERE T2.Country = 'CZE' AND T1.Price > 1000,debit_card_specializing,SELECT COUNT(T1.TransactionID) FROM transactions_1k AS T1 INNER JOIN gasstations AS T2 ON T1.GasStationID = T2.GasStationID WHERE T1.Price > 1000 AND T2.Country = 'CZE',"""transactions"" so we need column = [transactions_1k.TransactionID]
""gas station in the Czech Republic"" so we need column = [gasstations.Country]
""price of over 1000"" so we need column = [transactions_1k.Price]
Hint also refers to the columns = [gasstations.Country]
Based on the columns and tables, we need these Foreign_keys = [gasstations.GasStationID = transactions_1k.GasStationID].
Based on the tables, columns, and Foreign_keys, The set of possible cell values are = [1000, 'CZE']. So the Schema_links are:
Schema_links: [transactions_1k.TransactionID, gasstations.Country, transactions_1k.Price, gasstations.GasStationID=transactions_1k.GasStationID, 1000, 'CZE']","The SQL query for the given question needs these tables = [gasstations, transactions_1k], so we need JOIN.
Plus, it doesn't require nested queries, and we need the answer to the sub-questions = [""""].
So, we need JOIN and don't need nested queries, then the SQL query can be classified as ""NON-NESTED"".
Label: ""NON-NESTED""","For creating the SQL for the given question, we need to join these tables = [transactions_1k, gasstations].
First of all, for joining these tables we have to use the common column = [gasstations.GasStationID = transactions_1k.GasStationID].
Now, we have to filter the rows where Price > 1000 and Country = 'CZE'.
Then, we have to find the count of TransactionID.
So the sqlite SQL query will be:
SQL: SELECT COUNT(T1.TransactionID) FROM transactions_1k AS T1 INNER JOIN gasstations AS T2 ON T1.GasStationID = T2.GasStationID WHERE T1.Price > 1000 AND T2.Country = 'CZE'","1) All the required columns are mentioned in the question.
2) JOIN is correctly used to join the tables gasstations and transactions_1k on the column GasStationID.
3) The WHERE clause is correctly used to filter the transactions with a price of over 1000 and the gas stations in the Czech Republic.
4) GROUP BY is not required as there is no need to group any columns.
5) The ORDER BY clause is not required as there is no need to sort any columns.
6) All the columns exist in the table and there are no typos.
7) CAST is not required as there is no need to cast any columns.
8) CASE is not required as there is no need to use CASE.
So, the final sqlite SQL query answer to the given question is =
Revised_SQL: SELECT COUNT(T1.TransactionID) FROM transactions_1k AS T1 INNER JOIN gasstations AS T2 ON T1.GasStationID = T2.GasStationID WHERE T1.Price > 1000 AND T2.Country = 'CZE'"
"Among the transactions made in the gas stations in the Czech Republic, how many of them are taken place after 2012/1/1?","SELECT COUNT(T1.TransactionID) FROM transactions_1k AS T1 INNER JOIN gasstations AS T2 ON T1.GasStationID = T2.GasStationID WHERE T2.Country = 'CZE' AND strftime('%Y', T1.Date) >= '2012'",debit_card_specializing,SELECT COUNT(T2.TransactionID) FROM gasstations AS T1 INNER JOIN transactions_1k AS T2 ON T1.GasStationID = T2.GasStationID WHERE T1.Country = 'CZE' AND T2.Date > '2012-01-01',"""gas stations in the Czech Republic"" so we need column = [gasstations.Country]
""transactions"" so we need column = [transactions_1k.TransactionID]
""after 2012/1/1"" so we need column = [transactions_1k.Date]
Hint also refers to the columns = [gasstations.Country]
Based on the columns and tables, we need these Foreign_keys = [gasstations.GasStationID = transactions_1k.GasStationID].
Based on the tables, columns, and Foreign_keys, The set of possible cell values are = ['CZE']. So the Schema_links are:
Schema_links: [gasstations.Country, transactions_1k.TransactionID, transactions_1k.Date, gasstations.GasStationID = transactions_1k.GasStationID, 'CZE']","The SQL query for the given question needs these tables = [gasstations, transactions_1k], so we need JOIN.
Plus, it doesn't require nested queries, and we need the answer to the sub-questions = [""""].
So, we need JOIN and don't need nested queries, then the SQL query can be classified as ""NON-NESTED"".
Label: ""NON-NESTED""","For creating the SQL for the given question, we need to join these tables = [gasstations,transactions_1k].
First of all, for joining these tables we have to use the common column = [gasstations.GasStationID = transactions_1k.GasStationID].
Now, we have to filter the rows where Country = 'CZE' and Date > '2012-01-01'.
Then, we have to find the count of the TransactionID.
So the sqlite SQL query will be:
SQL: SELECT COUNT(T2.TransactionID) FROM gasstations AS T1 INNER JOIN transactions_1k AS T2 ON T1.GasStationID = T2.GasStationID WHERE T1.Country = 'CZE' AND T2.Date > '2012-01-01'","1) All columns in the SELECT clause are mentioned in the question.
2) JOIN operation is correct. The foreign key T1.GasStationID = T2.GasStationID is used to join the tables.
3) The WHERE statement is correct. It correctly identifies the transactions made in the Czech Republic and after 2012/1/1.
4) There is no need for GROUP BY statement in this query.
5) There is no need for ORDER BY statement in this query.
6) All columns used in the query exist in the tables and there are no typographical errors.
7) There is no need to use CAST in this query.
8) There is no need to use CASE in this query.
So, the final SQLite SQL query answer to the given question is:
Revised_SQL: SELECT COUNT(T2.TransactionID) FROM gasstations AS T1 INNER JOIN transactions_1k AS T2 ON T1.GasStationID = T2.GasStationID WHERE T1.Country = 'CZE' AND T2.Date > '2012-01-01'"
What is the average total price of the transactions taken place in gas stations in the Czech Republic?,SELECT AVG(T1.Price) FROM transactions_1k AS T1 INNER JOIN gasstations AS T2 ON T1.GasStationID = T2.GasStationID WHERE T2.Country = 'CZE',debit_card_specializing,SELECT AVG(T2.Price * T2.Amount) FROM gasstations AS T1 INNER JOIN transactions_1k AS T2 ON T1.GasStationID = T2.GasStationID WHERE T1.Country = 'CZE',"""gas stations in the Czech Republic"" so we need column = [gasstations.Country]
""average total price of the transactions"" so we need column = [transactions_1k.Price]
Hint also refers to the column = [gasstations.Country]
Based on the columns and tables, we need these Foreign_keys = [gasstations.GasStationID = transactions_1k.GasStationID].
Based on the tables, columns, and Foreign_keys, The set of possible cell values are = ['CZE']. So the Schema_links are:
Schema_links: [gasstations.Country, transactions_1k.Price, gasstations.GasStationID = transactions_1k.GasStationID, 'CZE']","The SQL query for the given question needs these tables = [gasstations, transactions_1k], so we need JOIN.
Plus, it doesn't require nested queries, and we need the answer to the sub-questions = [""""].
So, we need JOIN and don't need nested queries, then the SQL query can be classified as ""NON-NESTED"".
Label: ""NON-NESTED""","For creating the SQL for the given question, we need to join these tables = [gasstations, transactions_1k].
First of all, for joining these tables we have to use the common column = [gasstations.GasStationID = transactions_1k.GasStationID].
Now, we have to filter the rows where Country = 'CZE'.
Then, we have to find the average of the Price.
So the sqlite SQL query will be:
SQL: SELECT AVG(T2.Price) FROM gasstations AS T1 INNER JOIN transactions_1k AS T2 ON T1.GasStationID = T2.GasStationID WHERE T1.Country = 'CZE'","1) The question asks for the ""average total price"" of transactions, but the column 'Price' in the transactions_1k table is not the total price, it is the unit price. The total price can be calculated by multiplying 'Price' and 'Amount' (as explained in the column description).

2) JOIN is correctly used to connect the two tables 'gasstations' and 'transactions_1k' on 'GasStationID'.

3) The WHERE condition is correctly used to filter out only the gas stations in the Czech Republic.

4) GROUP BY is not required as we are calculating the average of all transactions, not grouping them by any particular column.

5) The ORDER BY clause is not required as we are not sorting the results.

6) All columns are correctly named and there are no typo errors.

7) CAST is not required as there is no need to cast any columns.

8) CASE is not required as there is no need to use CASE.

So, the final SQLite SQL query answer to the question is:

Revised_SQL: SELECT AVG(T2.Price * T2.Amount) FROM gasstations AS T1 INNER JOIN transactions_1k AS T2 ON T1.GasStationID = T2.GasStationID WHERE T1.Country = 'CZE'"
"For the customers who paid in the euro, what is their average total price of the transactions?",SELECT AVG(T1.Price) FROM transactions_1k AS T1 INNER JOIN gasstations AS T2 ON T1.GasStationID = T2.GasStationID INNER JOIN customers AS T3 ON T1.CustomerID = T3.CustomerID WHERE T3.Currency = 'EUR',debit_card_specializing,SELECT AVG(transactions_1k.Price) FROM transactions_1k INNER JOIN customers ON transactions_1k.CustomerID = customers.CustomerID WHERE customers.Currency = 'EUR',"""customers"" so we need column = [customers.CustomerID]
""paid in the euro"" so we need column = [customers.Currency]
""average total price of the transactions"" so we need column = [transactions_1k.Price]
Hint also refers to the columns = [customers.CustomerID, customers.Currency, transactions_1k.Price]
Based on the columns and tables, we need these Foreign_keys = [customers.CustomerID = transactions_1k.CustomerID].
Based on the tables, columns, and Foreign_keys, The set of possible cell values are = [""EUR""]. So the Schema_links are:
Schema_links: [customers.CustomerID, customers.Currency, transactions_1k.Price, customers.CustomerID=transactions_1k.CustomerID, ""EUR""]","The SQL query for the given question needs these tables = [customers, transactions_1k], so we need JOIN.
Plus, it doesn't require nested queries, and we need the answer to the sub-questions = [""""].
So, we need JOIN and don't need nested queries, then the SQL query can be classified as ""NON-NESTED"".
Label: ""NON-NESTED""","For creating the SQL for the given question, we need to join these tables = [customers,transactions_1k].
First of all, for joining these tables we have to use the common column = [customers.CustomerID=transactions_1k.CustomerID].
Now, we have to filter the rows where Currency = 'EUR'.
Then, we have to find the average of the Price.
So the sqlite SQL query will be:
SQL: SELECT AVG(transactions_1k.Price) FROM transactions_1k INNER JOIN customers ON transactions_1k.CustomerID = customers.CustomerID WHERE customers.Currency = 'EUR'","1) All of the columns mentioned in the question are present in the SELECT clause.
2) The columns used for the JOIN condition are correct.
3) The WHERE clause is correct; it correctly identifies customers who paid in Euros.
4) There is no need to GROUP BY any columns in this query.
5) There is no need to ORDER BY any columns in this query.
6) All of the columns exist in the table and there are no typos.
7) There is no need to use CAST in this query.
8) There is no need to use CASE in this query.
So, the final SQLite SQL query answer to the question is =
Revised_SQL: SELECT AVG(transactions_1k.Price) FROM transactions_1k INNER JOIN customers ON transactions_1k.CustomerID = customers.CustomerID WHERE customers.Currency = 'EUR'"
Which customer paid the most in 2012/8/25?,SELECT CustomerID FROM transactions_1k WHERE Date = '2012-08-25' GROUP BY CustomerID ORDER BY SUM(Price) DESC LIMIT 1,debit_card_specializing,"SELECT T1.CustomerID, SUM(T2.Price) as total_price FROM customers AS T1 INNER JOIN transactions_1k AS T2 ON T1.CustomerID = T2.CustomerID WHERE T2.Date = '2012-08-25' GROUP BY T1.CustomerID ORDER BY total_price DESC LIMIT 1","""Which customer"" so we need column = [customers.CustomerID]
""paid the most"" so we need column = [transactions_1k.Price]
""2012/8/25"" so we need column = [transactions_1k.Date]
Hint also refers to the columns = [transactions_1k.Date]
Based on the columns and tables, we need these Foreign_keys = [customers.CustomerID = transactions_1k.CustomerID].
Based on the tables, columns, and Foreign_keys, The set of possible cell values are = [2012-08-25]. So the Schema_links are:
Schema_links: [customers.CustomerID, transactions_1k.Price, transactions_1k.Date, customers.CustomerID = transactions_1k.CustomerID, 2012-08-25]","The SQL query for the given question needs these tables = [customers, transactions_1k], so we need JOIN.
Plus, it doesn't require nested queries, and we need the answer to the sub-questions = [""""].
So, we need JOIN and don't need nested queries, then the SQL query can be classified as ""NON-NESTED"".
Label: ""NON-NESTED""","For creating the SQL for the given question, we need to join these tables = [customers,transactions_1k].
First of all, for joining these tables we have to use the common column = [customers.CustomerID = transactions_1k.CustomerID].
Now, we have to filter the rows where Date = '2012-08-25'.
Then, we have to find the customer who paid the most, which can be found by summing the Price and grouping by CustomerID.
So the sqlite SQL query will be:
SQL: SELECT T1.CustomerID, SUM(T2.Price) as total_price FROM customers AS T1 INNER JOIN transactions_1k AS T2 ON T1.CustomerID = T2.CustomerID WHERE T2.Date = '2012-08-25' GROUP BY T1.CustomerID ORDER BY total_price DESC LIMIT 1","1) All columns mentioned in the SELECT clause are required for the query.
2) The JOIN clause is correct, joining the tables on the CustomerID column.
3) The WHERE clause is correct, filtering for transactions on the date '2012-08-25'.
4) The GROUP BY clause is correct, grouping the data by CustomerID.
5) The ORDER BY clause is correct, sorting the data by the total_price in descending order.
6) All columns exist in the tables and there are no typos.
7) There's no need for CAST in this query.
8) There's no need for CASE in this query.
So, the initial SQLite SQL query is correct.
Revised_SQL: SELECT T1.CustomerID, SUM(T2.Price) as total_price FROM customers AS T1 INNER JOIN transactions_1k AS T2 ON T1.CustomerID = T2.CustomerID WHERE T2.Date = '2012-08-25' GROUP BY T1.CustomerID ORDER BY total_price DESC LIMIT 1"
Which country's gas station had the first paid cusomer in 2012/8/25?,SELECT T2.Country FROM transactions_1k AS T1 INNER JOIN gasstations AS T2 ON T1.GasStationID = T2.GasStationID WHERE T1.Date = '2012-08-25' ORDER BY T1.Time DESC LIMIT 1,debit_card_specializing,SELECT g.Country FROM gasstations AS g INNER JOIN transactions_1k AS t ON g.GasStationID = t.GasStationID WHERE t.Date = '2012-08-25' ORDER BY t.Time LIMIT 1,"""country's gas station"" so we need column = [gasstations.Country]
""first paid customer"" so we need columns = [transactions_1k.Date, transactions_1k.Time]
Hint also refers to the column = [transactions_1k.Date]
Based on the columns and tables, we need these Foreign_keys = [gasstations.GasStationID = transactions_1k.GasStationID].
Based on the tables, columns, and Foreign_keys, The set of possible cell values are = ['2012-08-25']. So the Schema_links are:
Schema_links: [gasstations.Country, transactions_1k.Date, transactions_1k.Time, gasstations.GasStationID=transactions_1k.GasStationID, '2012-08-25']","The SQL query for the given question needs these tables = [gasstations, transactions_1k], so we need JOIN.
Plus, it doesn't require nested queries, and we need the answer to the sub-questions = [""""].
So, we need JOIN and don't need nested queries, then the SQL query can be classified as ""NON-NESTED"".
Label: ""NON-NESTED""","For creating the SQL for the given question, we need to join these tables = [gasstations,transactions_1k].
First of all, for joining these tables we have to use the common column = [gasstations.GasStationID = transactions_1k.GasStationID].
Now, we have to filter the rows where Date = '2012-08-25'.
Then, we have to find the country of the gas station that had the first paid customer. So, we need to order the result by Time and select the first row.
So the sqlite SQL query will be:
SQL: SELECT g.Country FROM gasstations AS g INNER JOIN transactions_1k AS t ON g.GasStationID = t.GasStationID WHERE t.Date = '2012-08-25' ORDER BY t.Time LIMIT 1","1) All of the columns mentioned in the SELECT, JOIN, WHERE and ORDER BY clauses are correct and exist in the tables.
2) JOIN is used correctly as the foreign key GasStationID in transactions_1k table is joined with the primary key GasStationID in gasstations table.
3) The condition in the WHERE clause is correct as it filters out the transactions that happened on '2012-08-25'.
4) GROUP BY is not required as there is no need to group any columns.
5) The ORDER BY clause is correct as it orders the transactions based on the time of the transaction.
6) There are no typo errors.
7) CAST is not required as there is no need to cast any columns.
8) CASE is not required as there is no need to use CASE.
So, the final SQLite SQL query answer to the given question is =
Revised_SQL: SELECT g.Country FROM gasstations AS g INNER JOIN transactions_1k AS t ON g.GasStationID = t.GasStationID WHERE t.Date = '2012-08-25' ORDER BY t.Time LIMIT 1"
What kind of currency did the customer paid at 16:25:00 in 2012/8/24?,SELECT T3.Currency FROM transactions_1k AS T1 INNER JOIN gasstations AS T2 ON T1.GasStationID = T2.GasStationID INNER JOIN customers AS T3 ON T1.CustomerID = T3.CustomerID WHERE T1.Date = '2012-08-24' AND T1.Time = '16:25:00',debit_card_specializing,SELECT T2.Currency FROM transactions_1k AS T1 INNER JOIN customers AS T2 ON T1.CustomerID = T2.CustomerID WHERE T1.Date = '2012-08-24' AND T1.Time = '16:25:00',"""kind of currency"" so we need column = [customers.Currency]
""customer"" so we need column = [transactions_1k.CustomerID]
""time"" so we need column = [transactions_1k.Time]
""date"" so we need column = [transactions_1k.Date]
Hint also refers to the columns = [transactions_1k.Date,transactions_1k.Time]
Based on the columns and tables, we need these Foreign_keys = [transactions_1k.CustomerID=customers.CustomerID].
Based on the tables, columns, and Foreign_keys, The set of possible cell values are = ['2012-08-24', '16:25:00']. So the Schema_links are:
Schema_links: [transactions_1k.Date, transactions_1k.Time, customers.Currency, transactions_1k.CustomerID = customers.CustomerID, '2012-08-24', '16:25:00']","The SQL query for the given question needs these tables = [transactions_1k, customers], so we need JOIN.
Plus, it doesn't require nested queries, and we need the answer to the sub-questions = [""""].
So, we need JOIN and don't need nested queries, then the SQL query can be classified as ""NON-NESTED"".
Label: ""NON-NESTED""","For creating the SQL for the given question, we need to join these tables = [transactions_1k, customers].
First of all, for joining these tables we have to use the common column = [transactions_1k.CustomerID = customers.CustomerID].
Now, we have to filter the rows where Date = '2012-08-24' and Time = '16:25:00'.
Then, we have to find the Currency.
So the sqlite SQL query will be:
SQL: SELECT T2.Currency FROM transactions_1k AS T1 INNER JOIN customers AS T2 ON T1.CustomerID = T2.CustomerID WHERE T1.Date = '2012-08-24' AND T1.Time = '16:25:00'","1) All of the columns mentioned in the question are there in the SELECT clause.
2) JOIN is correctly used to join customers and transactions_1k tables using CustomerID.
3) WHERE condition is correctly applied as T1.Date = '2012-08-24' AND T1.Time = '16:25:00'.
4) GROUP BY is not required as there is no need to group any columns.
5) ORDER BY is not required as there is no need to sort any columns.
6) All of the columns exist in the table and there are no typos.
7) CAST is not required as there is no need to cast any columns.
8) CASE is not required as there is no need to use CASE.
So, the final sqlite SQL query answer to the question the given question is =
Revised_SQL: SELECT T2.Currency FROM transactions_1k AS T1 INNER JOIN customers AS T2 ON T1.CustomerID = T2.CustomerID WHERE T1.Date = '2012-08-24' AND T1.Time = '16:25:00'"
What segment did the customer have at 2012/8/23 21:20:00?,SELECT T2.Segment FROM transactions_1k AS T1 INNER JOIN customers AS T2 ON T1.CustomerID = T2.CustomerID WHERE T1.date = '2012-08-23' AND T1.time = '21:20:00',debit_card_specializing,SELECT T2.Segment FROM transactions_1k AS T1 INNER JOIN customers AS T2 ON T1.CustomerID = T2.CustomerID WHERE T1.Date = '2012-08-23' AND T1.Time = '21:20:00',"""segment"" so we need column = [customers.Segment]
""customer"" so we need column = [transactions_1k.CustomerID]
""date and time"" so we need columns = [transactions_1k.Date, transactions_1k.Time]
Hint also refers to the columns = [transactions_1k.Date, transactions_1k.Time]
Based on the columns and tables, we need these Foreign_keys = [transactions_1k.CustomerID = customers.CustomerID].
Based on the tables, columns, and Foreign_keys, The set of possible cell values are = [2012-08-23, 21:20:00]. So the Schema_links are:
Schema_links: [customers.Segment, transactions_1k.Date, transactions_1k.Time, transactions_1k.CustomerID = customers.CustomerID, 2012-08-23, 21:20:00]","The SQL query for the given question needs these tables = [customers, transactions_1k], so we need JOIN.
Plus, it doesn't require nested queries, and we need the answer to the sub-questions = [""""].
So, we need JOIN and don't need nested queries, then the SQL query can be classified as ""NON-NESTED"".
Label: ""NON-NESTED""","For creating the SQL for the given question, we need to join these tables = [transactions_1k, customers].
First of all, for joining these tables we have to use the common column = [transactions_1k.CustomerID = customers.CustomerID].
Now, we have to filter the rows where Date = '2012-08-23' and Time = '21:20:00'.
Then, we have to find the Segment.
So the sqlite SQL query will be:
SQL: SELECT T2.Segment FROM transactions_1k AS T1 INNER JOIN customers AS T2 ON T1.CustomerID = T2.CustomerID WHERE T1.Date = '2012-08-23' AND T1.Time = '21:20:00'","1) All columns are mentioned in the question and there are no redundant columns.
2) The JOIN is used correctly based on the foreign key CustomerID.
3) The WHERE condition is correct.
4) GROUP BY is not required as there is no need to group any columns.
5) ORDER BY is not required as there is no need to sort any columns.
6) All columns exist in the table and there are no typo errors.
7) CAST is not required as there is no need to cast any columns.
8) CASE is not required as there is no need to use CASE.
So, the final sqlite SQL query answer to the given question is =
Revised_SQL: SELECT T2.Segment FROM transactions_1k AS T1 INNER JOIN customers AS T2 ON T1.CustomerID = T2.CustomerID WHERE T1.Date = '2012-08-23' AND T1.Time = '21:20:00'"
How many transactions were paid in EUR in the morning of 2012/8/26?,SELECT COUNT(T1.TransactionID) FROM transactions_1k AS T1 INNER JOIN customers AS T2 ON T1.CustomerID = T2.CustomerID WHERE T1.Date = '2012-08-26' AND T1.Time < '13:00:00' AND T2.Currency = 'EUR',debit_card_specializing,SELECT COUNT(T1.TransactionID) FROM transactions_1k AS T1 INNER JOIN customers AS T2 ON T1.CustomerID = T2.CustomerID WHERE T2.Currency = 'EUR' AND T1.Date = '2012-08-26' AND T1.Time < '13:00:00',"""transactions"" so we need column = [transactions_1k.TransactionID]
""paid in EUR"" so we need column = [customers.Currency]
""in the morning of 2012/8/26"" so we need column = [transactions_1k.Date, transactions_1k.Time]
Hint also refers to the columns = [transactions_1k.Date, transactions_1k.Time]
Based on the columns and tables, we need these Foreign_keys = [customers.CustomerID = transactions_1k.CustomerID].
Based on the tables, columns, and Foreign_keys, The set of possible cell values are = [""EUR"", ""2012-08-26"", ""13:00:00""]. So the Schema_links are:
Schema_links: [transactions_1k.TransactionID, customers.Currency, transactions_1k.Date, transactions_1k.Time, customers.CustomerID = transactions_1k.CustomerID, ""EUR"", ""2012-08-26"", ""13:00:00""]","The SQL query for the given question needs these tables = [transactions_1k, customers], so we need JOIN.
Plus, it doesn't require nested queries, and we need the answer to the sub-questions = [""""].
So, we need JOIN and don't need nested queries, then the SQL query can be classified as ""NON-NESTED"".
Label: ""NON-NESTED""","For creating the SQL for the given question, we need to join these tables = [transactions_1k, customers].
First of all, for joining these tables we have to use the common column = [customers.CustomerID = transactions_1k.CustomerID].
Now, we have to filter the rows where Currency = 'EUR', Date = '2012-08-26' and Time < '13:00:00'.
Then, we have to count the TransactionID.
So the sqlite SQL query will be:
SQL: SELECT COUNT(T1.TransactionID) FROM transactions_1k AS T1 INNER JOIN customers AS T2 ON T1.CustomerID = T2.CustomerID WHERE T2.Currency = 'EUR' AND T1.Date = '2012-08-26' AND T1.Time < '13:00:00'","1) The columns used in the SELECT clause are correct as the question asks for the number of transactions.
2) The JOIN clause is correct as it correctly joins the two tables on the CustomerID column.
3) The WHERE clause is correct as it correctly filters the data according to the conditions provided in the question.
4) GROUP BY clause is not required as the question does not ask for grouping data.
5) The ORDER BY clause is not required as the question does not ask for ordering data.
6) All the columns used in the query exist in the tables and there are no typo errors.
7) CAST is not required as there is no need to change the data type of any column.
8) CASE clause is not required as the question does not ask for any conditional logic.
So, the final SQLite SQL query answer to the question is =
Revised_SQL: SELECT COUNT(T1.TransactionID) FROM transactions_1k AS T1 INNER JOIN customers AS T2 ON T1.CustomerID = T2.CustomerID WHERE T2.Currency = 'EUR' AND T1.Date = '2012-08-26' AND T1.Time < '13:00:00'"
"For the earliest customer, what segment did he/she have?",SELECT T2.Segment FROM transactions_1k AS T1 INNER JOIN customers AS T2 ON T1.CustomerID = T2.CustomerID ORDER BY Date ASC LIMIT 1,debit_card_specializing,SELECT Segment FROM customers WHERE CustomerID = ( SELECT CustomerID FROM transactions_1k ORDER BY Date ASC LIMIT 1 ),"""earliest customer"" so we need column = [transactions_1k.Date, transactions_1k.CustomerID]
""segment"" so we need column = [customers.Segment]
Hint also refers to the columns = [transactions_1k.Date, transactions_1k.CustomerID, customers.Segment]
Based on the columns and tables, we need these Foreign_keys = [transactions_1k.CustomerID = customers.CustomerID].
Based on the tables, columns, and Foreign_keys, The set of possible cell values are = [1]. So the Schema_links are:
Schema_links: [transactions_1k.Date, transactions_1k.CustomerID, customers.Segment, transactions_1k.CustomerID = customers.CustomerID, 1]","The SQL query for the given question needs these tables = [transactions_1k, customers], so we need JOIN.
Plus, it requires nested queries, and we need the answer to the sub-questions = [Who is the earliest customer?].
So, we need JOIN and need nested queries, then the SQL query can be classified as ""NESTED"".
Label: ""NESTED""","The sqlite SQL query for the sub-question ""Which is the earliest customer?"" is SELECT CustomerID FROM transactions_1k ORDER BY Date ASC LIMIT 1
The above query will return the CustomerID of the earliest customer.
Now, we have to find the segment of the customer who is the earliest.
So, the final sqlite SQL query answer to the question the given question is =
SQL: SELECT Segment FROM customers WHERE CustomerID = ( SELECT CustomerID FROM transactions_1k ORDER BY Date ASC LIMIT 1 )","1) The columns mentioned in the SELECT clause are correct and as per the question.
2) JOIN is not required as the question is about the earliest customer and we can get that information from the transactions_1k table and then fetch the segment of that customer from the customers table using a subquery.
3) The WHERE condition is correct as we are using a subquery to fetch the CustomerID of the earliest customer.
4) GROUP BY is not required as we are not grouping any columns.
5) The ORDER BY clause is correct as we are ordering by Date in ascending order to get the earliest date.
6) All the columns exist in the table and there are no typo errors.
7) CAST is not required as there is no need to cast any columns.
8) CASE is not required as there is no need to use CASE.
So, the final sqlite SQL query answer to the given question is =
Revised_SQL: SELECT Segment FROM customers WHERE CustomerID = ( SELECT CustomerID FROM transactions_1k ORDER BY Date ASC LIMIT 1 )"
"For the deal happened at 2012/8/24 12:42:00, which country was it?",SELECT T2.Country FROM transactions_1k AS T1 INNER JOIN gasstations AS T2 ON T1.GasStationID = T2.GasStationID WHERE T1.Date = '2012-08-24' AND T1.Time = '12:42:00',debit_card_specializing,SELECT T1.Country FROM gasstations AS T1 INNER JOIN transactions_1k AS T2 ON T1.GasStationID = T2.GasStationID WHERE T2.Date = '2012-08-24' AND T2.Time = '12:42:00',"""deal happened at"" so we need column = [transactions_1k.Date, transactions_1k.Time]
""which country"" so we need column = [gasstations.Country]
Hint also refers to the columns = [transactions_1k.Date, transactions_1k.Time]
Based on the columns and tables, we need these Foreign_keys = [transactions_1k.GasStationID = gasstations.GasStationID].
Based on the tables, columns, and Foreign_keys, The set of possible cell values are = ['2012-08-24', '12:42:00']. So the Schema_links are:
Schema_links: [gasstations.Country, transactions_1k.Date, transactions_1k.Time, transactions_1k.GasStationID=gasstations.GasStationID, '2012-08-24', '12:42:00']","The SQL query for the given question needs these tables = [gasstations, transactions_1k], so we need JOIN.
Plus, it doesn't need nested queries, and we need the answer to the sub-questions = [""""].
So, we need JOIN and don't need nested queries, then the SQL query can be classified as ""NON-NESTED"".
Label: ""NON-NESTED""","For creating the SQL for the given question, we need to join these tables = [gasstations, transactions_1k].
First of all, for joining these tables we have to use the common column = [gasstations.GasStationID = transactions_1k.GasStationID].
Now, we have to filter the rows where transactions_1k.Date = '2012-08-24' and transactions_1k.Time = '12:42:00'.
Then, we have to find the Country.
So the sqlite SQL query will be:
SQL: SELECT T1.Country FROM gasstations AS T1 INNER JOIN transactions_1k AS T2 ON T1.GasStationID = T2.GasStationID WHERE T2.Date = '2012-08-24' AND T2.Time = '12:42:00'","1) All the columns in the SELECT clause are mentioned in the question, so there are no redundant columns.
2) The JOIN is executed correctly, it's joining on the foreign key correctly.
3) The WHERE statement is correct, it's filtering the rows based on the date and time given in the question.
4) There is no GROUP BY statement, which is correct as it's not required for this query.
5) There is no ORDER BY statement, which is correct as it's not required for this query.
6) All columns in the query exist in the table and there are no typo errors.
7) There is no need for a CAST in this query.
8) There is no need for a CASE in this query.

So, the final SQLite SQL query that correctly answers the question is:
Revised_SQL: SELECT T1.Country FROM gasstations AS T1 INNER JOIN transactions_1k AS T2 ON T1.GasStationID = T2.GasStationID WHERE T2.Date = '2012-08-24' AND T2.Time = '12:42:00'"
What was the product id of the transaction happened at 2012/8/23 21:20:00?,SELECT T1.ProductID FROM transactions_1k AS T1 INNER JOIN gasstations AS T2 ON T1.GasStationID = T2.GasStationID WHERE T1.Date = '2012-08-23' AND T1.Time = '21:20:00',debit_card_specializing,SELECT ProductID FROM transactions_1k WHERE Date = '2012-08-23' AND Time = '21:20:00',"""product id of the transaction"" so we need column = [transactions_1k.ProductID]
""transaction happened at"" so we need column = [transactions_1k.Date, transactions_1k.Time]
Hint also refers to the columns = [transactions_1k.ProductID, transactions_1k.Date, transactions_1k.Time]
Based on the tables and columns, The set of possible cell values are = ['2012-08-23', '21:20:00']. So the Schema_links are:
Schema_links: [transactions_1k.ProductID, transactions_1k.Date, transactions_1k.Time, '2012-08-23', '21:20:00']","The SQL query for the given question needs these tables = [transactions_1k], so we don't need JOIN.
Plus, it doesn't require nested queries, and we need the answer to the sub-questions = [""""].
So, we don't need JOIN and don't need nested queries, then the SQL query can be classified as ""EASY"".
Label: ""EASY""",SELECT ProductID FROM transactions_1k WHERE Date = '2012-08-23' AND Time = '21:20:00',"1) SELECT clause should contain ProductID as we need to find the ProductID.
2) JOIN is not required as there is no need to join any tables.
3) The WHERE clause should contain the conditions date = '2012-08-23' AND time = '21:20:00'.
4) GROUP BY is not required as there is no need to group any columns.
5) The ORDER BY clause is not required as we are not ordering any columns.
6) All columns are correct and there are no typo errors.
7) CAST is not required as there is no need to cast any columns.
8) CASE is not required as there is no need to use CASE.
So, the final sqlite SQL query answer to the question the given question is =
Revised_SQL: SELECT ProductID FROM transactions_1k WHERE Date = '2012-08-23' AND Time = '21:20:00'"
"For the customer who paid 124.05 in 2012/8/24, how much did he/she spend during the January of 2012? And what is the date and expenses exactly?","SELECT T1.CustomerID, T2.Date, T2.Consumption FROM transactions_1k AS T1 INNER JOIN yearmonth AS T2 ON T1.CustomerID = T2.CustomerID WHERE T1.Date = '2012-08-24' AND T1.Price = 124.05 AND T2.Date = '201201'",debit_card_specializing,"SELECT Date, Consumption FROM yearmonth WHERE CustomerID = ( SELECT CustomerID FROM transactions_1k WHERE Price = 124.05 AND Date = '2012-08-24' ) AND Date LIKE '201201%'","""customer"" so we need column = [transactions_1k.CustomerID]
""paid 124.05"" so we need column = [transactions_1k.Price]
""2012/8/24"" so we need column = [transactions_1k.Date]
""spend during the January of 2012"" so we need column = [yearmonth.Consumption]
""date and expenses exactly"" so we need column = [transactions_1k.Date, transactions_1k.Price]
Hint also refers to the columns = [transactions_1k.Date, transactions_1k.Price, yearmonth.Consumption]
Based on the columns and tables, we need these Foreign_keys = [transactions_1k.CustomerID = yearmonth.CustomerID].
Based on the tables, columns, and Foreign_keys, The set of possible cell values are = [124.05, '2012-08-24', '2012']. So the Schema_links are:
Schema_links: [transactions_1k.CustomerID, transactions_1k.Price, transactions_1k.Date, yearmonth.Consumption, transactions_1k.CustomerID = yearmonth.CustomerID, 124.05, '2012-08-24', '2012']","The SQL query for the given question needs these tables = [transactions_1k, yearmonth], so we need JOIN.
Plus, it requires nested queries, and we need the answer to the sub-questions = [who is the customer who paid 124.05 in 2012/8/24?].
So, we need JOIN and need nested queries, then the SQL query can be classified as ""NESTED"".
Label: ""NESTED""","The sqlite SQL query for the sub-question ""who paid 124.05 in 2012/8/24"" is SELECT CustomerID FROM transactions_1k WHERE Price = 124.05 AND Date = '2012-08-24'
The above query will return the CustomerID of the customer who paid 124.05 in 2012/8/24.
Now, we have to find the consumption of the customer who paid 124.05 in 2012/8/24 during the January of 2012.
For that, we have to filter the rows where CustomerID = ( SELECT CustomerID FROM transactions_1k WHERE Price = 124.05 AND Date = '2012-08-24' ) AND Date LIKE '201201%'.
So, the final sqlite SQL query answer to the question the given question is =
SQL: SELECT Date, Consumption FROM yearmonth WHERE CustomerID = ( SELECT CustomerID FROM transactions_1k WHERE Price = 124.05 AND Date = '2012-08-24' ) AND Date LIKE '201201%'","1) The columns selected are correct and are not redundant.
2) The JOIN is not required as the subquery is correctly used.
3) The WHERE clause is correct, it checks for the customer who paid 124.05 on '2012-08-24' and then checks for the consumption in January of 2012.
4) GROUP BY is not required as there is no need to group any columns.
5) The ORDER BY clause is not required as the question does not ask for any specific order.
6) All the columns exist in the tables and there are no typos.
7) CAST is not required as there is no need to cast any columns.
8) CASE is not required as there is no need to use CASE.
So, the final sqlite SQL query answer to the question the given question is =
Revised_SQL: SELECT Date, Consumption FROM yearmonth WHERE CustomerID = ( SELECT CustomerID FROM transactions_1k WHERE Price = 124.05 AND Date = '2012-08-24' ) AND Date LIKE '201201%'"
"For all the transactions happened during 8:00-9:00 in 2012/8/26, how many happened in CZE?",SELECT COUNT(T1.TransactionID) FROM transactions_1k AS T1 INNER JOIN gasstations AS T2 ON T1.GasStationID = T2.GasStationID WHERE T1.Date = '2012-08-26' AND T1.Time BETWEEN '08:00:00' AND '09:00:00' AND T2.Country = 'CZE',debit_card_specializing,SELECT COUNT(T1.TransactionID) FROM transactions_1k AS T1 INNER JOIN gasstations AS T2 ON T1.GasStationID = T2.GasStationID WHERE T1.Date = '2012-08-26' AND T1.Time BETWEEN '08:00' AND '09:00' AND T2.Country = 'CZE',"""transactions"" so we need column = [transactions_1k.TransactionID]
""time"" so we need column = [transactions_1k.Time]
""date"" so we need column = [transactions_1k.Date]
""country"" so we need column = [gasstations.Country]
Hint also refers to the columns = [gasstations.Country, transactions_1k.Date, transactions_1k.Time]
Based on the columns and tables, we need this Foreign_key = [transactions_1k.GasStationID = gasstations.GasStationID].
Based on the tables, columns, and Foreign_key, The set of possible cell values are = ['2012-08-26', 'CZE', '08:00', '09:00']. So the Schema_links are:
Schema_links: [transactions_1k.Date, transactions_1k.Time, transactions_1k.TransactionID, gasstations.Country, transactions_1k.GasStationID = gasstations.GasStationID, '2012-08-26', 'CZE', '08:00', '09:00']","The SQL query for the given question needs these tables = [transactions_1k, gasstations], so we need JOIN.
Plus, it doesn't require nested queries, and we need the answer to the sub-questions = [""""].
So, we need JOIN and don't need nested queries, then the SQL query can be classified as ""NON-NESTED"".
Label: ""NON-NESTED""","For creating the SQL for the given question, we need to join these tables = [transactions_1k, gasstations].
First of all, for joining these tables we have to use the common column = [transactions_1k.GasStationID = gasstations.GasStationID].
Now, we have to filter the rows where Date = '2012-08-26', Time is between '08:00' and '09:00' and Country = 'CZE'.
Then, we have to find the count of the TransactionID.
So the sqlite SQL query will be:
SQL: SELECT COUNT(T1.TransactionID) FROM transactions_1k AS T1 INNER JOIN gasstations AS T2 ON T1.GasStationID = T2.GasStationID WHERE T1.Date = '2012-08-26' AND T1.Time BETWEEN '08:00' AND '09:00' AND T2.Country = 'CZE'","1) All of the columns are mentioned in the question, there are no redundant columns.
2) JOIN is correctly used to join the two tables on the GasStationID column.
3) The WHERE clause conditions are correct and match the requirements of the question.
4) GROUP BY is not required as there is no need to group any columns.
5) The ORDER BY clause is not required as there is no need to sort the results.
6) All columns are correct and there are no typo errors.
7) CAST is not required as there is no need to cast any columns.
8) CASE is not required as there is no need to use CASE.
So, the final sqlite SQL query answer to the question the given question is =
Revised_SQL: SELECT COUNT(T1.TransactionID) FROM transactions_1k AS T1 INNER JOIN gasstations AS T2 ON T1.GasStationID = T2.GasStationID WHERE T1.Date = '2012-08-26' AND T1.Time BETWEEN '08:00' AND '09:00' AND T2.Country = 'CZE'"
"There's one customer spent 214582.17 in the June of 2013, which currency did he/she use?",SELECT T2.Currency FROM yearmonth AS T1 INNER JOIN customers AS T2 ON T1.CustomerID = T2.CustomerID WHERE T1.Date = '201306' AND T1.Consumption = 214582.17,debit_card_specializing,SELECT T1.Currency FROM customers AS T1 INNER JOIN yearmonth AS T2 ON T1.CustomerID = T2.CustomerID WHERE T2.Date LIKE '%201306%' AND T2.Consumption = 214582.17,"""one customer"" so we need column = [customers.CustomerID]
""spent 214582.17 in the June of 2013"" so we need column = [yearmonth.Consumption, yearmonth.Date]
""which currency"" so we need column = [customers.Currency]
Hint also refers to the columns = [yearmonth.Date]
Based on the columns and tables, we need these Foreign_keys = [customers.CustomerID = yearmonth.CustomerID].
Based on the tables, columns, and Foreign_keys, The set of possible cell values are = [214582.17, '201306']. So the Schema_links are:
Schema_links: [customers.CustomerID, yearmonth.Consumption, yearmonth.Date, customers.Currency, customers.CustomerID = yearmonth.CustomerID, 214582.17, '201306']","The SQL query for the given question needs these tables = [customers, yearmonth], so we need JOIN.
Plus, it doesn't need nested queries, and we need the answer to the sub-questions = [""""].
So, we need JOIN and don't need nested queries, then the SQL query can be classified as ""NON-NESTED"".
Label: ""NON-NESTED""","For creating the SQL for the given question, we need to join these tables = [customers, yearmonth].
First of all, for joining these tables we have to use the common column = [customers.CustomerID = yearmonth.CustomerID].
Now, we have to filter the rows where Date contains '201306' and Consumption = 214582.17.
Then, we have to find the Currency.
So the sqlite SQL query will be:
SQL: SELECT T1.Currency FROM customers AS T1 INNER JOIN yearmonth AS T2 ON T1.CustomerID = T2.CustomerID WHERE T2.Date LIKE '%201306%' AND T2.Consumption = 214582.17","1) All the required columns are mentioned in the query so there are no redundant columns.
2) The JOIN is done correctly using the foreign key CustomerID.
3) The WHERE condition is checking for the correct date and consumption value.
4) There is no need for GROUP BY in this query.
5) There is no need for ORDER BY in this query.
6) All columns are correct and there are no typo errors.
7) There is no need for CAST in this query.
8) There is no need for CASE in this query.
So, the final sqlite SQL query answer to the question the given question is =
Revised_SQL: SELECT T1.Currency FROM customers AS T1 INNER JOIN yearmonth AS T2 ON T1.CustomerID = T2.CustomerID WHERE T2.Date LIKE '%201306%' AND T2.Consumption = 214582.17"
Which country was the card owner of No.667467 in?,SELECT T2.Country FROM transactions_1k AS T1 INNER JOIN gasstations AS T2 ON T1.GasStationID = T2.GasStationID WHERE T1.CardID = '667467',debit_card_specializing,SELECT * FROM table,"""card owner"" so we need column = [transactions_1k.CardID]
However, there is no information provided about the country of the card owner in the given tables and columns.
Hint also does not provide any additional information.
Based on the tables, columns, and the lack of necessary information in the schema, it is not possible to link the schema to the question.
So the Schema_links are:
Schema_links: [transactions_1k.CardID, 667467]","The SQL query for the given question needs these tables = [transactions_1k], so we don't need JOIN.
Plus, it doesn't require nested queries, and we need the answer to the sub-questions = [""""].
So, we don't need JOIN and don't need nested queries, then the SQL query can be classified as ""EASY"".
Label: ""EASY""",The given schema does not provide information about the country of the card owner.,"1) The question asks for the country of the card owner with card number 667467. However, the provided tables (customers and transactions_1k) do not have a column for the country of the card owner or even a card number column. 

2) JOIN is not required as there is no need to join any tables for the given question. 

3) WHERE statement is not possible as there is no column related to the card number or the country of the card owner. 

4) GROUP BY and ORDER BY are not required as there is no need to group or order any columns.

5) all columns are correct but the required columns for the question do not exist.

6) CAST is not required as there is no need to cast any columns.

7) CASE is not required as there is no need to use CASE.

So, the final answer is that it's impossible to write an SQLite SQL query for the given question using the provided tables and columns."
What's the nationality of the customer who spent 548.4 in 2012/8/24?,SELECT T2.Country FROM transactions_1k AS T1 INNER JOIN gasstations AS T2 ON T1.GasStationID = T2.GasStationID WHERE T1.Date = '2012-08-24' AND T1.Price = 548.4,debit_card_specializing,SELECT T1.Currency FROM customers AS T1 INNER JOIN transactions_1k AS T2 ON T1.CustomerID = T2.CustomerID WHERE T2.Price * T2.Amount = 548.4 AND T2.Date = '2012-08-24',"""nationality of the customer"" but we don't have a nationality column so we can use column = [customers.Currency] as a proxy for nationality
""spent 548.4"" so we need column = [transactions_1k.Price]
""2012/8/24"" so we need column = [transactions_1k.Date]
Hint also refers to the columns = [transactions_1k.Date]
Based on the columns and tables, we need these Foreign_keys = [customers.CustomerID = transactions_1k.CustomerID].
Based on the tables, columns, and Foreign_keys, The set of possible cell values are = [548.4, '2012-08-24']. So the Schema_links are:
Schema_links: [customers.Currency, transactions_1k.Price, transactions_1k.Date, customers.CustomerID = transactions_1k.CustomerID, 548.4, '2012-08-24']","The SQL query for the given question needs these tables = [customers, transactions_1k], so we need JOIN.
Plus, it doesn't require nested queries, and we need the answer to the sub-questions = [""""].
So, we need JOIN and don't need nested queries, then the SQL query can be classified as ""NON-NESTED"".
Label: ""NON-NESTED""","For creating the SQL for the given question, we need to join these tables = [customers,transactions_1k].
First of all, for joining these tables we have to use the common column = [customers.CustomerID = transactions_1k.CustomerID].
Now, we have to filter the rows where Price = 548.4 and Date = '2012-08-24'.
Then, we have to find the Currency which is the nationality of the customer.
So the sqlite SQL query will be:
SQL: SELECT T1.Currency FROM customers AS T1 INNER JOIN transactions_1k AS T2 ON T1.CustomerID = T2.CustomerID WHERE T2.Price = 548.4 AND T2.Date = '2012-08-24'","1) The column names and tables used in the SELECT and JOIN clauses are correct. The JOIN condition is also correct.
2) The WHERE condition is not correct. The price 548.4 is likely a total price, so it should be calculated as Price * Amount, not just Price.
3) There are no GROUP BY or ORDER BY statements, which is correct for this question.
4) All columns and tables exist and there are no typos.
5) There's no need for CAST or CASE in this query.
So, the final sqlite SQL query answer to the given question is =
Revised_SQL: SELECT T1.Currency FROM customers AS T1 INNER JOIN transactions_1k AS T2 ON T1.CustomerID = T2.CustomerID WHERE T2.Price * T2.Amount = 548.4 AND T2.Date = '2012-08-24'"
What is the percentage of the customers who used EUR in 2012/8/25?,"SELECT CAST(SUM(IIF(T2.Currency = 'EUR', 1, 0)) AS FLOAT) * 100 / COUNT(T1.CustomerID) FROM transactions_1k AS T1 INNER JOIN customers AS T2 ON T1.CustomerID = T2.CustomerID WHERE T1.Date = '2012-08-25'",debit_card_specializing,SELECT (COUNT(DISTINCT CASE WHEN T1.Currency = 'EUR' THEN T1.CustomerID END) * 100.0 / COUNT(DISTINCT T1.CustomerID)) AS Percentage FROM customers AS T1 INNER JOIN transactions_1k AS T2 ON T1.CustomerID = T2.CustomerID WHERE T2.Date = '2012-08-25',"""percentage of the customers"" so we need column = [customers.CustomerID]
""used EUR"" so we need column = [customers.Currency]
""2012/8/25"" so we need column = [transactions_1k.Date]
Hint also refers to the columns = [transactions_1k.Date]
Based on the columns and tables, we need these Foreign_keys = [customers.CustomerID = transactions_1k.CustomerID].
Based on the tables, columns, and Foreign_keys, The set of possible cell values are = ['EUR', '2012-08-25']. So the Schema_links are:
Schema_links: [customers.CustomerID, customers.Currency, transactions_1k.Date, customers.CustomerID=transactions_1k.CustomerID, 'EUR', '2012-08-25']","The SQL query for the given question needs these tables = [customers, transactions_1k], so we need JOIN.
Plus, it doesn't need nested queries, and we need the answer to the sub-questions = [""""].
So, we need JOIN and don't need nested queries, then the SQL query can be classified as ""NON-NESTED"".
Label: ""NON-NESTED""","For creating the SQL for the given question, we need to join these tables = [customers, transactions_1k].
First of all, for joining these tables we have to use the common column = [customers.CustomerID = transactions_1k.CustomerID].
Now, we have to filter the rows where Currency = 'EUR' and Date = '2012-08-25'.
Then, we have to find the percentage of the customers who used EUR.
So the sqlite SQL query will be:
SQL: SELECT (COUNT(DISTINCT CASE WHEN T1.Currency = 'EUR' THEN T1.CustomerID END) * 100.0 / COUNT(DISTINCT T1.CustomerID)) AS Percentage FROM customers AS T1 INNER JOIN transactions_1k AS T2 ON T1.CustomerID = T2.CustomerID WHERE T2.Date = '2012-08-25'","1) All columns in the SELECT clause are mentioned in the question.
2) The JOIN is correct as it is joining two tables based on the CustomerID column which is a foreign key in one table and a primary key in the other.
3) The WHERE clause is correct as it is checking for the date '2012-08-25'.
4) GROUP BY is not required as there is no need to group any columns.
5) The ORDER BY clause is not mentioned in the question, so it is not required.
6) All columns are correct and there are no typographical errors.
7) The CAST function is not needed in this case.
8) The CASE WHEN statement is used correctly to count only those customers who use 'EUR'.
So, the final SQLite SQL query answer to the question is:
Revised_SQL: SELECT (COUNT(DISTINCT CASE WHEN T1.Currency = 'EUR' THEN T1.CustomerID END) * 100.0 / COUNT(DISTINCT T1.CustomerID)) AS Percentage FROM customers AS T1 INNER JOIN transactions_1k AS T2 ON T1.CustomerID = T2.CustomerID WHERE T2.Date = '2012-08-25'"
"For the customer who paid 634.8 in 2012/8/25, what was the consumption decrease rate from Year 2012 to 2013?","SELECT CAST(SUM(IIF(SUBSTRING(Date, 1, 4) = '2012', Consumption, 0)) - SUM(IIF(SUBSTRING(Date, 1, 4) = '2013', Consumption, 0)) AS FLOAT) / SUM(IIF(SUBSTRING(Date, 1, 4) = '2012', Consumption, 0)) FROM yearmonth WHERE CustomerID = ( SELECT T1.CustomerID FROM transactions_1k AS T1 INNER JOIN gasstations AS T2 ON T1.GasStationID = T2.GasStationID WHERE T1.Date = '2012-08-25' AND T1.Price = 634.8 )",debit_card_specializing,SELECT ((SELECT Consumption FROM yearmonth WHERE CustomerID = (SELECT CustomerID FROM transactions_1k WHERE Price = 634.8 AND Date = '2012-08-25') AND Date LIKE '2012%') - (SELECT Consumption FROM yearmonth WHERE CustomerID = (SELECT CustomerID FROM transactions_1k WHERE Price = 634.8 AND Date = '2012-08-25') AND Date LIKE '2013%')) / (SELECT Consumption FROM yearmonth WHERE CustomerID = (SELECT CustomerID FROM transactions_1k WHERE Price = 634.8 AND Date = '2012-08-25') AND Date LIKE '2012%') AS 'Decrease Rate',"""customer"" so we need column = [transactions_1k.CustomerID]
""paid"" so we need column = [transactions_1k.Price]
""2012/8/25"" so we need column = [transactions_1k.Date]
""consumption decrease rate from Year 2012 to 2013"" so we need column = [yearmonth.Consumption]
Hint also refers to the columns = [transactions_1k.Date, transactions_1k.Price, yearmonth.Consumption]
Based on the columns and tables, we need these Foreign_keys = [transactions_1k.CustomerID = yearmonth.CustomerID].
Based on the tables, columns, and Foreign_keys, The set of possible cell values are = [634.8, '2012-08-24']. So the Schema_links are:
Schema_links: [transactions_1k.CustomerID, transactions_1k.Price, transactions_1k.Date, yearmonth.Consumption, transactions_1k.CustomerID=yearmonth.CustomerID, 634.8, '2012-08-24']","The SQL query for the given question needs these tables = [transactions_1k, yearmonth], so we need JOIN.
Plus, it requires nested queries, and we need the answer to the sub-questions = [who paid 634.8 in 2012/8/25?, what was the consumption in 2012 and 2013?].
So, we need JOIN and need nested queries, then the SQL query can be classified as ""NESTED"".
Label: ""NESTED""","[who is the customer who paid 634.8 on 2012/8/24] and [what was the consumption of this customer in 2012 and 2013].
The sqlite SQL query for the sub-question ""who is the customer who paid 634.8 on 2012/8/24"" is SELECT CustomerID FROM transactions_1k WHERE Price = 634.8 AND Date = '2012-08-24'
The above query will return the CustomerID of the customer who paid 634.8 on 2012/8/24.
Now, we have to find the consumption of this customer in 2012 and 2013.
So, the final sqlite SQL query answer to the question the given question is =

SQL: 
SELECT ((SELECT Consumption FROM yearmonth WHERE CustomerID = (SELECT CustomerID FROM transactions_1k WHERE Price = 634.8 AND Date = '2012-08-24') AND Date LIKE '2012%') - (SELECT Consumption FROM yearmonth WHERE CustomerID = (SELECT CustomerID FROM transactions_1k WHERE Price = 634.8 AND Date = '2012-08-24') AND Date LIKE '2013%')) / (SELECT Consumption FROM yearmonth WHERE CustomerID = (SELECT CustomerID FROM transactions_1k WHERE Price = 634.8 AND Date = '2012-08-24') AND Date LIKE '2012%') AS 'Decrease Rate'","1) The column names and table names are correctly referenced in the SQL statement.
2) There is no need for JOIN as the tables are linked through subqueries.
3) The WHERE clause is correctly used to filter the required customer and dates.
4) There is no need for GROUP BY as there are no aggregate functions used.
5) There is no need for ORDER BY as the result is a single calculated value.
6) There are no typo errors in the column and table names.
7) There is no need for CAST as all the data types are correctly used.
8) There is no need for CASE as the question does not require conditional logic.
However, there is one issue in this SQL statement. The Date in the transactions_1k table is in 'YYYY-MM-DD' format but in the yearmonth table, it is in 'YYYYMM' format. Therefore, in the subquery, the Date should be filtered with '2012%' and '2013%' respectively rather than '2012-08-25'. Also, the given date in the question is '2012/8/25' but the SQL statement uses '2012-08-24'. This should also be corrected.

So, the final revised SQL query is: 

Revised_SQL: SELECT ((SELECT Consumption FROM yearmonth WHERE CustomerID = (SELECT CustomerID FROM transactions_1k WHERE Price = 634.8 AND Date = '2012-08-25') AND Date LIKE '2012%') - (SELECT Consumption FROM yearmonth WHERE CustomerID = (SELECT CustomerID FROM transactions_1k WHERE Price = 634.8 AND Date = '2012-08-25') AND Date LIKE '2013%')) / (SELECT Consumption FROM yearmonth WHERE CustomerID = (SELECT CustomerID FROM transactions_1k WHERE Price = 634.8 AND Date = '2012-08-25') AND Date LIKE '2012%') AS 'Decrease Rate'"
Which gas station has the highest amount of revenue?,SELECT GasStationID FROM transactions_1k GROUP BY GasStationID ORDER BY SUM(Price) DESC LIMIT 1,debit_card_specializing,"SELECT GasStationID, SUM(Amount * Price) as Revenue FROM transactions_1k GROUP BY GasStationID ORDER BY Revenue DESC LIMIT 1.","""gas station"" so we need column = [transactions_1k.GasStationID]
""highest amount of revenue"" so we need column = [transactions_1k.Amount, transactions_1k.Price]
Hint also refers to the columns = [transactions_1k.GasStationID, transactions_1k.Amount, transactions_1k.Price]
Based on the columns and tables, we don't need any Foreign_keys.
Based on the tables, columns, and Foreign keys, The set of possible cell values are = [1]. So the Schema_links are:
Schema_links: [transactions_1k.GasStationID, transactions_1k.Amount, transactions_1k.Price, 1]","The SQL query for the given question needs these tables = [transactions_1k], so we don't need JOIN.
Plus, it doesn't require nested queries, and we need the answer to the sub-questions = [""""].
So, we don't need JOIN and don't need nested queries, then the SQL query can be classified as ""EASY"".
Label: ""EASY""","SELECT GasStationID, SUM(Amount * Price) as Revenue FROM transactions_1k GROUP BY GasStationID ORDER BY Revenue DESC LIMIT 1","1) We need to calculate the revenue for each gas station, which is the product of Amount and Price. We can achieve this by creating a new column in the SELECT clause using the * operator.
2) JOIN is not required as there is no need to join any tables.
3) There is no specific condition required in the WHERE clause.
4) We need to group by GasStationID to calculate the total revenue for each gas station.
5) To find the gas station with the highest revenue, we need to order by the calculated revenue in descending order and limit the result to 1.
6) All columns are correct and there are no typo errors.
7) No need to use CAST or CASE.
So, the final sqlite SQL query answer to the given question is =
Revised_SQL: SELECT GasStationID, SUM(Amount * Price) as Revenue FROM transactions_1k GROUP BY GasStationID ORDER BY Revenue DESC LIMIT 1."
"What is the percentage of ""premium"" against the overall segment in ""SVK""?","SELECT CAST(SUM(IIF(Country = 'SVK' AND Segment = 'Premium', 1, 0)) AS FLOAT) * 100 / SUM(IIF(Country = 'SVK', 1, 0)) FROM gasstations",debit_card_specializing,SELECT CAST((SELECT COUNT(*) FROM gasstations WHERE Segment = 'Premium' AND Country = 'SVK') AS FLOAT) / CAST((SELECT COUNT(*) FROM gasstations WHERE Country = 'SVK') AS FLOAT) * 100 AS percentage FROM gasstations LIMIT 1,"""percentage of premium"" so we need column = [gasstations.Segment]
""overall segment in SVK"" so we need column = [gasstations.Country]
Hint also refers to the columns = [gasstations.Segment, gasstations.Country]
Based on the columns and tables, we need these Foreign_keys = [].
Based on the tables, columns, and Foreign_keys, The set of possible cell values are = [""premium"", ""SVK""]. So the Schema_links are:
Schema_links: [gasstations.Segment, gasstations.Country, ""premium"", ""SVK""]","The SQL query for the given question needs these tables = [gasstations], so we don't need JOIN.
Plus, it doesn't require nested queries, and we need the answer to the sub-questions = [""""].
So, we don't need JOIN and don't need nested queries, then the SQL query can be classified as ""EASY"".
Label: ""EASY""","SELECT (SELECT COUNT(*) FROM gasstations WHERE Segment = ""premium"" AND Country = ""SVK"") * 100.0 / (SELECT COUNT(*) FROM gasstations WHERE Country = ""SVK"") AS percentage FROM gasstations LIMIT 1;","1) The column Segment is mentioned in the question and it is used in the WHERE clause to filter the rows.
2) JOIN is not required as there is no need to join any tables.
3) The condition Segment = 'premium' is used to filter the rows where Segment is 'premium'.
4) The condition Country = 'SVK' is used to filter the rows where Country is 'SVK'.
5) GROUP BY is not required as there is no need to group any columns.
6) ORDER BY is not required as there is no need to order any columns.
7) All columns are correct and there are no typo errors.
8) CAST is needed to calculate the percentage.
9) CASE is not required as there is no need to use CASE.
So, the final sqlite SQL query answer to the question the given question is =
Revised_SQL: SELECT CAST((SELECT COUNT(*) FROM gasstations WHERE Segment = 'Premium' AND Country = 'SVK') AS FLOAT) / CAST((SELECT COUNT(*) FROM gasstations WHERE Country = 'SVK') AS FLOAT) * 100 AS percentage FROM gasstations LIMIT 1"
"What is the amount spent by customer ""38508"" at the gas stations? How much had the customer spent in January 2012?","SELECT SUM(T1.Price) , SUM(IIF(T3.Date = '201201', T1.Price, 0)) FROM transactions_1k AS T1 INNER JOIN gasstations AS T2 ON T1.GasStationID = T2.GasStationID INNER JOIN yearmonth AS T3 ON T1.CustomerID = T3.CustomerID WHERE T1.CustomerID = '38508'",debit_card_specializing,"SELECT SUM(Price) FROM transactions_1k WHERE CustomerID = 38508 AND strftime('%Y%m', Date) = '201201'","""customer"" so we need column = [transactions_1k.CustomerID]
""amount spent"" so we need column = [transactions_1k.Amount, transactions_1k.Price]
""January 2012"" so we need column = [transactions_1k.Date]
Hint also refers to the columns = [transactions_1k.Date]
Based on the tables, columns, and Foreign_keys, The set of possible cell values are = [38508, '2012-01']. So the Schema_links are:
Schema_links: [transactions_1k.CustomerID, transactions_1k.Amount, transactions_1k.Price, transactions_1k.Date, 38508, '2012-01']","The SQL query for the given question needs these tables = [transactions_1k], so we don't need JOIN.
Plus, it doesn't require nested queries, and we need the answer to the sub-questions = [""""].
So, we don't need JOIN and don't need nested queries, then the SQL query can be classified as ""EASY"".
Label: ""EASY""","SELECT SUM(Amount*Price) FROM transactions_1k WHERE CustomerID = 38508 AND strftime('%Y-%m', Date) = '2012-01'","1) All of the columns should be mentioned in the question. In this case, we will need the ""CustomerID"", ""Date"" and ""Price"" columns.
2) JOIN is not required as there is no need to join any tables.
3) The WHERE clause should be used to select transactions where the ""CustomerID"" is 38508 and the ""Date"" is in January 2012.
4) GROUP BY is not required as there is no need to group any columns.
5) The ORDER BY clause is not needed in this case.
6) All columns exist in the table and there are no typos.
7) CAST is not required as there is no need to cast any columns.
8) CASE is not required as there is no need to use CASE.

The SQLite SQL query to answer the given question would look like this:

Revised_SQL: SELECT SUM(Price) FROM transactions_1k WHERE CustomerID = 38508 AND strftime('%Y%m', Date) = '201201'"
Which are the top five best selling products? Please state the full name of them.,SELECT T2.Description FROM transactions_1k AS T1 INNER JOIN products AS T2 ON T1.ProductID = T2.ProductID ORDER BY T1.Amount DESC LIMIT 5,debit_card_specializing,"SELECT P.Description, COUNT(*) AS Frequency FROM transactions_1k AS T INNER JOIN products AS P ON T.ProductID = P.ProductID GROUP BY T.ProductID ORDER BY Frequency DESC LIMIT 5","""top five best selling products"" so we need column = [transactions_1k.ProductID]
""full name of them"" so we need column = [products.Description]
Hint also refers to the columns = [products.Description]
Based on the columns and tables, we need these Foreign_keys = [products.ProductID = transactions_1k.ProductID].
Based on the tables, columns, and Foreign_keys, The set of possible cell values are = [5]. So the Schema_links are:
Schema_links: [products.Description, transactions_1k.ProductID, products.ProductID = transactions_1k.ProductID, 5]","The SQL query for the given question needs these tables = [products, transactions_1k], so we need JOIN.
Plus, it doesn't require nested queries, and we need the answer to the sub-questions = [""""].
So, we need JOIN and don't need nested queries, then the SQL query can be classified as ""NON-NESTED"".
Label: ""NON-NESTED""","For creating the SQL for the given question, we need to join these tables = [products, transactions_1k].
First of all, for joining these tables we have to use the common column = [products.ProductID = transactions_1k.ProductID].
Now, we have to find the top five best selling products which can be computed by counting the number of times each product appears in the transactions table.
Then, we have to find the full name of these products which is stored in the Description column of the products table.
So the sqlite SQL query will be:
SQL: SELECT P.Description, COUNT(*) AS Frequency 
FROM transactions_1k AS T 
INNER JOIN products AS P 
ON T.ProductID = P.ProductID 
GROUP BY T.ProductID 
ORDER BY Frequency DESC 
LIMIT 5","1) All of the columns mentioned in the query are appropriate for the question.
2) The JOIN is correct, as it joins the two tables on the common column ProductID.
3) The WHERE clause is not mentioned in the question and not needed in this query.
4) The GROUP BY clause is correct, as it groups the data by ProductID.
5) The ORDER BY clause is correct, as it orders the data by the descending order of the frequency of the products.
6) All of the columns exist in the table and there are no typos.
7) CAST is not needed in this query.
8) CASE is also not needed in this query.
So, the final SQLite SQL query answer to the question is correct as is:
Revised_SQL: SELECT P.Description, COUNT(*) AS Frequency 
FROM transactions_1k AS T 
INNER JOIN products AS P 
ON T.ProductID = P.ProductID 
GROUP BY T.ProductID 
ORDER BY Frequency DESC 
LIMIT 5"
Who is the top spending customer and how much is the average price per single item purchased by this customer? What currency was being used?,"SELECT T2.CustomerID, SUM(T2.Price / T2.Amount), T1.Currency FROM customers AS T1 INNER JOIN transactions_1k AS T2 ON T1.CustomerID = T2.CustomerID WHERE T2.CustomerID = ( SELECT CustomerID FROM yearmonth ORDER BY Consumption DESC LIMIT 1 ) GROUP BY T2.CustomerID, T1.Currency",debit_card_specializing,"SELECT T1.CustomerID, SUM(T1.Price)/SUM(T1.Amount) as AveragePrice, T2.Currency FROM transactions_1k as T1 JOIN customers as T2 ON T1.CustomerID = T2.CustomerID WHERE T1.CustomerID = (SELECT CustomerID FROM transactions_1k GROUP BY CustomerID ORDER BY SUM(Price*Amount) DESC LIMIT 1)","""top spending customer"" so we need column = [transactions_1k.CustomerID, transactions_1k.Price]
""average price per single item"" so we need column = [transactions_1k.Price, transactions_1k.Amount]
""currency"" so we need column = [customers.Currency]
Hint also refers to the columns = [transactions_1k.Price, transactions_1k.Amount]
Based on the columns and tables, we need these Foreign_keys = [transactions_1k.CustomerID = customers.CustomerID].
Based on the tables, columns, and Foreign_keys, The set of possible cell values are = [1]. So the Schema_links are:
Schema_links: [transactions_1k.CustomerID, transactions_1k.Price, transactions_1k.Amount, customers.Currency, transactions_1k.CustomerID=customers.CustomerID, 1]","The SQL query for the given question needs these tables = [transactions_1k, customers], so we need JOIN.
Plus, it requires nested queries, and we need the answer to the sub-questions = [Who is the top spending customer?].
So, we need JOIN and need nested queries, then the SQL query can be classified as ""NESTED"".
Label: ""NESTED""","The sqlite SQL query for the sub-question ""Who is the top spending customer"" is SELECT CustomerID, SUM(Price) as TotalSpent FROM transactions_1k GROUP BY CustomerID ORDER BY TotalSpent DESC LIMIT 1
The above query will return the CustomerID of the customer who spent the most.
Now, we have to find the average price per single item purchased by this customer and the currency used by this customer.
To do so, we have to JOIN transactions_1k and customers table on CustomerID.
So, the final sqlite SQL query answer to the question the given question is =
SQL: SELECT T1.CustomerID, SUM(T1.Price)/SUM(T1.Amount) as AveragePrice, T2.Currency FROM transactions_1k as T1 JOIN customers as T2 ON T1.CustomerID = T2.CustomerID WHERE T1.CustomerID = (SELECT CustomerID FROM transactions_1k GROUP BY CustomerID ORDER BY SUM(Price) DESC LIMIT 1)","1) All required columns are mentioned in the SELECT clause.
2) The JOIN clause is correct as it joins the two tables on their common column, CustomerID.
3) The WHERE clause is not correct. It attempts to filter for a specific CustomerID, but the subquery does not return a CustomerID. Instead, it tries to order the sum of prices for each customer, but it doesn't specify what column this sum is based on. It should order by the sum of the product of the amount and price, as that represents the total spending per customer.
4) GROUP BY is not required in the main query as we are finding the details for a single customer.
5) The ORDER BY clause is incorrect in the subquery as explained in point 3.
6) All columns exist in the tables and there are no typos.
7) CAST is not needed.
8) CASE is not needed.

So, the final sqlite SQL query answer to the given question is =
Revised_SQL: SELECT T1.CustomerID, SUM(T1.Price)/SUM(T1.Amount) as AveragePrice, T2.Currency FROM transactions_1k as T1 JOIN customers as T2 ON T1.CustomerID = T2.CustomerID WHERE T1.CustomerID = (SELECT CustomerID FROM transactions_1k GROUP BY CustomerID ORDER BY SUM(Price*Amount) DESC LIMIT 1)"
Which country had the gas station that sold the most expensive product id No.2 for one unit?,SELECT T2.Country FROM transactions_1k AS T1 INNER JOIN gasstations AS T2 ON T1.GasStationID = T2.GasStationID WHERE T1.ProductID = 2 ORDER BY T1.Price DESC LIMIT 1,debit_card_specializing,SELECT T1.Country FROM gasstations AS T1 INNER JOIN transactions_1k AS T2 ON T1.GasStationID = T2.GasStationID WHERE T2.ProductID = 2 ORDER BY T2.Price DESC LIMIT 1,"""country"" so we need column = [gasstations.Country]
""gas station"" so we need column = [gasstations.GasStationID]
""most expensive product"" so we need column = [transactions_1k.ProductID, transactions_1k.Price]
Hint also refers to the columns = [gasstations.Country, transactions_1k.ProductID, transactions_1k.Price, gasstations.GasStationID]
Based on the columns and tables, we need these Foreign_keys = [gasstations.GasStationID = transactions_1k.GasStationID].
Based on the tables, columns, and Foreign_keys, The set of possible cell values are = [2]. So the Schema_links are:
Schema_links: [gasstations.Country, transactions_1k.ProductID, transactions_1k.Price, gasstations.GasStationID = transactions_1k.GasStationID, 2]","The SQL query for the given question needs these tables = [gasstations, transactions_1k], so we need JOIN.
Plus, it doesn't require nested queries, and we need the answer to the sub-questions = [""""].
So, we need JOIN and don't need nested queries, then the SQL query can be classified as ""NON-NESTED"".
Label: ""NON-NESTED""","For creating the SQL for the given question, we need to join these tables = [gasstations, transactions_1k].
First of all, for joining these tables we have to use the common column = [gasstations.GasStationID = transactions_1k.GasStationID].
Now, we have to filter the rows where ProductID = 2.
Then, we have to find the maximum of the Price and Country.
So the sqlite SQL query will be:
SQL: SELECT T1.Country FROM gasstations AS T1 INNER JOIN transactions_1k AS T2 ON T1.GasStationID = T2.GasStationID WHERE T2.ProductID = 2 ORDER BY T2.Price DESC LIMIT 1","1) All of the columns mentioned in the question are present in the SELECT clause.
2) The JOIN is correctly done using the foreign key GasStationID.
3) The WHERE statement is correct - we only want product id No.2.
4) There is no need for a GROUP BY statement in this query.
5) The ORDER BY statement is correct - we want the most expensive product, so we order by price in descending order.
6) All of the columns used exist in the tables and there are no typographical errors.
7) There is no need for a CAST in this query.
8) There is no need for a CASE statement in this query.
So, the final answer to the given question is =
Revised_SQL: SELECT T1.Country FROM gasstations AS T1 INNER JOIN transactions_1k AS T2 ON T1.GasStationID = T2.GasStationID WHERE T2.ProductID = 2 ORDER BY T2.Price DESC LIMIT 1"
For all the people who paid more than 29.00 per unit of product id No.5. Give their consumption status in the August of 2012.,SELECT T2.Consumption FROM transactions_1k AS T1 INNER JOIN yearmonth AS T2 ON T1.CustomerID = T2.CustomerID WHERE T1.Price / T1.Amount > 29.00 AND T1.ProductID = 5 AND T2.Date = '201208',debit_card_specializing,"SELECT T1.CustomerID, T2.Consumption FROM transactions_1k AS T1 INNER JOIN yearmonth AS T2 ON T1.CustomerID = T2.CustomerID WHERE T1.CustomerID IN ( SELECT CustomerID FROM transactions_1k WHERE ProductID = 5 AND Price/Amount > 29.00 ) AND T2.Date = '201208'","""people"" so we need column = [transactions_1k.CustomerID]
""paid more than 29.00 per unit of product id No.5"" so we need column = [transactions_1k.Price, transactions_1k.Amount, transactions_1k.ProductID]
""consumption status"" so we need column = [yearmonth.Consumption]
""August of 2012"" so we need column = [yearmonth.Date]
Hint also refers to the columns = [transactions_1k.Price, transactions_1k.Amount, transactions_1k.ProductID, yearmonth.Date]
Based on the columns and tables, we need these Foreign_keys = [transactions_1k.CustomerID = yearmonth.CustomerID].
Based on the tables, columns, and Foreign_keys, The set of possible cell values are = [5, 29.00, '201208']. So the Schema_links are:
Schema_links: [transactions_1k.CustomerID, transactions_1k.Price, transactions_1k.Amount, transactions_1k.ProductID, yearmonth.Consumption, yearmonth.Date, transactions_1k.CustomerID = yearmonth.CustomerID, 5, 29.00, '201208']","The SQL query for the given question needs these tables = [transactions_1k, yearmonth], so we need JOIN.
Plus, it requires nested queries, and we need the answer to the sub-questions = [Who paid more than 29.00 per unit of product id No.5?].
So, we need JOIN and need nested queries, then the SQL query can be classified as ""NESTED"".
Label: ""NESTED""","The sqlite SQL query for the sub-question ""Who paid more than 29.00 per unit of product id No.5"" is SELECT CustomerID FROM transactions_1k WHERE ProductID = 5 AND Price/Amount > 29.00
The above query will return the CustomerID of the people who paid more than 29.00 per unit of product id No.5.
Now, we have to find the consumption status in the August of 2012 of these people.
To do so, we have to join the tables = [transactions_1k, yearmonth].
First of all, for joining these tables we have to use the common column = [transactions_1k.CustomerID = yearmonth.CustomerID].
Then, we have to filter the rows where CustomerID IN ( SELECT CustomerID FROM transactions_1k WHERE ProductID = 5 AND Price/Amount > 29.00 ) AND Date = '201208'.
Then, we have to find the Consumption.
So, the final sqlite SQL query answer to the question the given question is =
SQL: SELECT T1.CustomerID, T2.Consumption FROM transactions_1k AS T1 INNER JOIN yearmonth AS T2 ON T1.CustomerID = T2.CustomerID WHERE T1.CustomerID IN ( SELECT CustomerID FROM transactions_1k WHERE ProductID = 5 AND Price/Amount > 29.00 ) AND T2.Date = '201208'","1) All columns mentioned in the SELECT clause are mentioned in the question.
2) The JOIN statement is correctly using the foreign key ""CustomerID"" to join the transactions_1k and yearmonth tables.
3) The WHERE statement correctly identifies customers who paid more than 29.00 per unit for product id 5 and whose consumption data is from August 2012.
4) There is no GROUP BY statement in the query, which is correct as there is no need to group the data.
5) There is no ORDER BY statement in the query, which is correct as the question does not ask for the data to be sorted.
6) All columns used in the query exist in the respective tables and there are no typos.
7) There is no need for a CAST statement in the query.
8) There is no need for a CASE statement in the query.
So, the final sqlite SQL query is correct. The query should work fine as it is.

Revised_SQL: SELECT T1.CustomerID, T2.Consumption FROM transactions_1k AS T1 INNER JOIN yearmonth AS T2 ON T1.CustomerID = T2.CustomerID WHERE T1.CustomerID IN ( SELECT CustomerID FROM transactions_1k WHERE ProductID = 5 AND Price/Amount > 29.00 ) AND T2.Date = '201208'"
